1 37.80,1 38.27,2 119.56,3 18.84,4 94.28,5 99.48,6 0.00,7 0.71,8 -6.52
1 37.37,2 119.69,2 119.83,3 18.96,4 -83.89,5 105.61,6 0.00,7 0.66,8 -6.45
1 36.98,2 119.96,3 18.50,3 18.87,4 64.02,5 111.74,6 0.00,7 0.61,8 -6.41
1 36.62,2 120.09,3 18.21,4 -45.51,4 4.33,5 116.64,6 0.00,7 0.70,8 -6.39
1 36.29,2 120.22,3 18.27,4 -41.46,5 122.77,5 128.90,6 0.00,7 0.61,8 -6.50
1 35.99,2 120.36,3 18.13,4 63.54,5 133.80,6 0.00,6 0.00,7 0.55,8 -6.47
1 35.72,2 120.49,3 18.39,4 -146.51,5 139.93,6 0.00,7 0.64,7 0.81,8 -6.60
1 35.72,2 120.62,3 18.57,4 109.50,5 146.06,6 0.00,7 0.68,8 -6.58,8 -6.61
1 35.55,2 120.61,3 18.70,4 -53.85,5 152.19,6 0.00,7 0.75,8 -6.70,9 17.43
1 35.29,1 35.49,2 120.61,3 18.71,4 -56.74,5 -156.72,6 0.00,7 0.69,8 -6.65
1 35.73,2 120.75,2 120.88,3 18.39,4 1.68,5 -150.59,6 0.00,7 0.89,8 -6.76
1 35.99,2 121.01,3 18.36,3 18.38,4 47.84,5 -144.46,6 0.00,7 1.03,8 -6.75
1 36.29,2 121.14,3 18.68,4 -76.83,4 105.02,5 -139.56,6 0.00,7 0.89,8 -6.77
1 36.63,2 121.28,3 18.86,4 -53.96,5 -128.53,5 -133.43,6 0.00,7 1.02,8 -6.78
1 37.01,2 121.41,3 18.83,4 -93.61,5 -122.40,6 0.00,6 0.00,7 1.08,8 -6.73
1 37.43,2 121.54,3 18.56,4 27.34,5 -116.27,6 0.00,7 1.29,8 -6.88,9 17.77
1 37.89,2 121.67,3 18.27,4 142.14,5 -111.36,6 0.00,7 1.21,8 -6.84,9 17.69
1 38.38,2 121.80,3 18.33,4 -154.93,5 -105.23,6 0.00,7 1.26,8 -6.77,9 17.87
1 38.90,2 121.94,3 18.09,4 137.61,5 -99.11,6 0.00,7 1.32,8 -6.91,9 17.91
1 39.46,2 122.07,3 18.24,4 -84.69,5 -94.20,6 0.00,7 1.27,8 -6.86,9 17.81
1 40.05,2 122.20,3 18.10,4 -72.86,5 -88.07,6 0.00,7 1.25,8 -6.71,9 17.81
1 40.67,2 122.33,3 18.26,4 -61.02,5 -81.94,6 0.00,7 1.24,8 -6.71,9 17.84
1 41.33,2 122.47,3 18.52,4 -8.74,5 -77.04,6 0.00,7 1.35,8 -6.64,9 17.67
1 41.16,2 122.46,3 18.65,4 -140.31,5 -70.91,6 0.00,7 1.30,8 -6.73,9 17.78
1 40.90,2 122.46,3 18.65,4 -56.17,5 -64.78,6 0.00,7 1.25,8 -6.87,9 17.79
1 40.29,2 122.59,3 18.29,4 -130.12,5 -59.88,6 0.00,7 1.19,8 -6.89,9 17.86
1 39.70,2 122.72,3 18.13,4 -115.84,5 -53.75,6 0.00,7 1.16,8 -6.83,9 17.86
1 39.16,2 122.86,3 17.78,4 -9.62,5 -47.62,6 0.00,7 0.87,8 -6.79,9 18.00
1 38.64,2 122.99,3 17.85,4 57.38,5 -42.72,6 0.00,7 0.87,8 -6.73,9 17.98
1 38.17,2 123.12,3 18.19,4 137.86,5 -36.59,6 0.00,7 0.87,8 -6.73,9 18.06
1 37.72,2 123.25,3 17.90,4 -129.80,5 -30.46,6 0.00,7 0.74,8 -6.56,9 18.00
1 37.32,2 123.39,3 17.57,4 -73.83,5 -25.56,6 0.00,7 0.69,8 -6.66,9 17.91
1 36.93,2 123.52,3 17.75,4 7.86,5 -19.43,6 0.00,7 0.62,8 -6.72,9 17.91
1 36.58,2 123.65,3 17.78,4 14.79,5 -13.30,6 0.00,7 0.58,8 -6.73,9 17.96
1 36.28,2 123.78,3 17.85,4 -120.46,5 -8.39,6 0.00,7 0.52,8 -6.76,9 18.00
1 36.01,2 123.91,3 18.20,4 -38.76,5 -2.26,6 0.00,7 0.56,8 -6.66,9 18.00
1 35.77,2 124.05,3 18.12,4 -30.60,5 3.87,6 0.00,7 0.64,8 -6.59,9 18.02
1 35.57,2 124.18,3 18.12,4 -15.09,5 8.77,6 0.00,7 0.87,8 -6.52,9 18.05
1 35.39,2 124.31,3 18.18,4 12.67,5 14.90,6 0.00,7 0.89,8 -6.57,9 18.05
1 35.22,2 124.31,3 18.31,4 -133.62,5 21.03,6 0.00,7 0.92,8 -6.49,9 18.15
1 34.96,2 124.31,3 18.32,4 -146.31,5 25.93,7 0.83,8 -6.48,9 18.13,"[""0.00"", ""0.00"", ""0.00"", ""0.09"", ""-9.66"", ""2.32"", ""-76.50"", ""0.50"", ""87.81"", -6.19348, 106.84858, ""7073506904408""]"
1 34.88,2 124.44,3 18.06,4 -119.77,5 32.06,6 0.00,6 0.00,7 0.85,8 -6.47
1 34.84,2 124.57,3 17.70,4 -27.04,5 36.97,6 0.00,7 0.91,8 -6.45,9 18.26
1 34.83,2 124.70,3 17.73,4 55.90,5 43.10,6 0.00,7 0.99,8 -6.31,9 18.28
1 34.86,2 124.83,3 17.60,4 -75.69,5 49.22,6 0.00,7 0.92,8 -6.33,9 18.39
1 34.93,2 124.97,3 17.27,4 -14.82,5 54.13,7 1.06,8 -6.34,9 18.48,"[""0.00"", ""0.00"", ""0.00"", ""0.09"", ""-9.66"", ""2.32"", ""-76.50"", ""0.50"", ""87.81"", -6.19348, 106.84858, ""7073506904408""]"
1 35.03,2 125.10,3 17.61,4 -2.99,5 60.26,6 0.00,6 0.00,7 1.35,8 -6.20
1 35.16,2 125.23,3 17.52,4 8.85,5 66.39,7 1.28,8 -6.20,9 18.37,"[""0.00"", ""0.00"", ""0.00"", ""0.09"", ""-9.66"", ""2.32"", ""-76.50"", ""0.50"", ""87.81"", -6.19348, 106.84858, ""7073506904408""]"
1 35.33,2 125.36,3 17.65,4 63.59,5 71.29,6 0.00,7 1.54,8 -6.24,9 18.31
1 35.53,2 125.50,3 17.31,4 102.39,5 77.42,6 0.00,7 1.48,8 -6.28,9 18.56
1 35.77,2 125.63,3 17.65,4 99.51,5 83.55,6 0.00,7 1.24,8 -6.33,9 18.63
1 36.03,2 125.76,3 17.40,4 143.21,5 88.45,6 0.00,7 1.35,8 -6.21,9 18.64
1 36.33,2 125.89,3 17.15,4 -115.86,5 94.58,6 0.00,7 1.47,8 -6.21,9 18.66
1 36.68,2 126.03,3 17.13,4 101.93,5 100.71,6 0.00,7 1.65,8 -6.24,9 18.61
1 37.07,2 126.16,3 16.90,4 86.79,5 105.61,6 0.00,7 1.78,8 -6.06,9 18.49
1 36.90,2 126.15,3 17.03,4 25.09,5 111.74,6 0.00,7 1.88,8 -6.16,9 18.45
1 36.64,2 126.15,3 17.03,4 27.10,5 117.87,6 0.00,7 2.07,8 -6.18,9 18.52
1 37.13,2 126.28,3 16.66,4 42.61,5 122.77,6 0.00,7 1.96,8 -6.26,9 18.53
1 37.65,2 126.42,3 16.78,4 87.54,5 128.90,6 0.00,7 1.95,8 -6.28,9 18.65
1 38.21,2 126.55,3 17.06,4 125.12,5 135.03,6 0.00,7 1.84,8 -6.34,9 18.61
1 38.80,2 126.68,3 17.19,4 -154.80,5 139.94,6 0.00,7 1.89,8 -6.58,9 18.57
1 39.42,2 126.81,3 17.42,4 -149.10,5 146.07,6 0.00,7 1.77,8 -6.59,9 18.66
1 40.09,2 126.95,3 17.64,4 84.64,5 152.19,6 0.00,7 1.75,8 -6.70,9 18.70
1 39.41,2 127.09,3 17.87,4 156.53,5 -156.71,6 0.00,7 1.50,8 -6.69,9 18.66
1 38.75,2 127.22,3 18.04,4 146.30,5 -150.59,6 0.00,7 1.45,8 -6.86,9 18.76
1 38.13,2 127.36,3 17.97,4 -110.32,5 -144.46,6 0.00,7 1.35,8 -6.65,9 19.01
1 37.53,2 127.49,3 18.30,4 76.79,5 -139.55,6 0.00,6 0.00,7 1.03,8 -6.63
1 37.36,2 127.49,3 18.43,4 103.33,5 -133.42,6 0.00,7 1.06,7 1.12,8 -6.57
1 36.82,2 127.62,3 18.06,4 -28.27,5 -128.52,6 0.00,7 0.91,8 -6.65,8 -6.71
1 36.31,2 127.76,3 18.13,4 -4.18,5 -122.39,6 0.00,7 1.07,8 -6.73,9 19.16
1 35.66,1 35.83,2 127.90,3 18.34,4 -19.32,5 -116.26,6 0.00,7 1.08,8 -6.79
1 35.40,2 127.89,2 127.89,3 18.47,4 -20.95,5 -111.36,6 0.00,7 1.18,8 -6.80
1 35.02,2 128.02,3 18.18,3 18.47,4 31.34,5 -105.23,6 0.00,7 1.31,8 -6.74
1 34.68,2 128.16,3 18.03,4 -135.82,4 134.66,5 -99.10,6 0.00,7 1.40,8 -6.84
1 34.37,2 128.30,3 17.81,4 -86.41,5 -88.07,5 -94.20,6 0.00,7 1.44,8 -6.89
1 34.10,2 128.43,3 17.95,4 -36.58,5 -81.94,6 0.00,6 0.00,7 1.32,8 -6.90
1 33.85,2 128.57,3 18.19,4 -78.68,5 -77.04,6 0.00,7 1.27,7 1.33,8 -6.90
1 33.64,2 128.71,3 18.07,4 -64.40,5 -70.91,6 0.00,7 1.21,8 -6.63,8 -6.76
1 33.46,2 128.84,3 18.31,4 -32.95,5 -64.78,6 0.00,7 1.03,8 -6.49,9 19.22
1 33.21,1 33.32,2 128.98,3 17.98,4 -35.83,5 -59.87,6 0.00,7 0.97,8 -6.59
1 33.15,2 129.11,2 129.25,3 17.78,4 16.47,5 -53.75,6 0.00,7 0.96,8 -6.62
1 33.11,2 129.39,3 17.89,3 18.22,4 7.46,5 -47.62,6 0.00,7 0.93,8 -6.73
1 33.11,2 129.52,3 18.32,4 25.42,4 50.74,5 -42.71,6 0.00,7 0.86,8 -6.70
1 33.15,2 129.66,3 18.45,4 95.67,5 -30.45,5 -36.58,6 0.00,7 0.94,8 -6.72
1 33.22,2 129.80,3 18.34,4 107.50,5 -25.55,6 0.00,6 0.00,7 0.91,8 -6.63
1 33.06,2 129.79,3 18.47,4 -49.81,5 -19.42,6 0.00,7 1.00,7 1.03,8 -6.46
1 32.79,2 129.79,3 18.47,4 -45.35,5 -13.29,6 0.00,7 1.16,8 -6.56,9 19.21
1 32.96,2 129.93,3 18.56,4 -73.97,5 -8.39,6 0.00,7 1.15,8 -6.72,9 19.15
1 33.19,2 130.06,3 18.66,4 105.82,5 -2.26,6 0.00,7 1.20,8 -6.83,9 19.25
1 33.44,2 130.20,3 18.84,4 -96.87,5 2.65,6 0.00,7 1.31,8 -6.72,9 19.31
1 33.74,2 130.33,3 19.16,4 -120.59,5 8.78,6 0.00,7 1.01,8 -6.79,9 19.39
1 34.06,2 130.47,3 19.16,4 153.57,5 14.91,6 0.00,7 -0.19,8 -8.17,9 19.23
1 34.42,2 130.61,3 19.40,4 147.02,5 19.81,6 0.00,7 16.65,8 -9.01,9 18.97
1 34.81,2 130.74,3 19.03,4 -91.22,5 25.94,6 0.00,7 7.01,8 7.90,9 20.68
1 35.23,2 130.88,3 19.33,4 -90.42,5 32.07,6 0.00,7 -14.13,8 43.01,9 2.44
1 35.68,2 131.01,3 19.01,4 -57.75,5 36.97,6 0.00,7 -54.35,8 28.97,9 8.24
1 36.17,2 131.15,3 18.89,4 -15.27,5 43.10,6 0.00,7 -30.89,8 10.68,9 26.00
1 36.70,2 131.29,3 18.72,4 82.37,5 49.23,6 0.00,7 -42.20,8 48.28,9 -41.39
1 37.27,2 131.42,3 18.87,4 9.64,5 54.13,6 0.00,7 -18.82,8 43.84,9 -44.92
1 37.88,2 131.56,3 18.55,4 113.41,5 60.26,6 0.00,7 -9.98,8 74.30,9 19.00
1 38.53,2 131.70,3 18.59,4 -101.53,5 66.39,6 0.00,7 -9.81,8 -30.03,9 -39.89
1 38.36,2 131.69,3 18.72,4 -32.07,5 71.29,6 0.00,7 -9.21,8 -26.21,8 -29.67
1 38.10,2 131.69,3 18.73,4 -0.64,5 77.42,6 0.00,7 -7.77,8 -26.36,9 -33.39
1 36.84,1 37.45,2 131.83,3 18.51,4 -2.29,5 83.55,6 0.00,7 -7.66,8 -26.53
1 36.26,2 131.96,2 132.10,3 18.73,4 -35.81,5 88.46,6 0.00,7 -7.69,8 -26.45
1 -0.17,2 -0.01,3 0.13,3 18.51,4 -33.79,5 94.59,6 0.00,7 -6.89,8 -25.27
1 -0.16,2 -0.01,3 0.14,4 130.83,4 84.60,5 91.94,6 0.00,7 0.35,8 -0.83
1 -0.23,2 -0.01,3 -0.23,4 142.63,5 102.97,5 96.84,6 0.00,7 0.60,8 -1.22
1 -0.31,2 -0.01,3 -0.56,4 -133.64,5 107.87,6 0.00,6 0.00,7 0.91,8 -1.83
1 -0.38,2 -0.01,3 -0.35,4 -5.39,5 114.00,6 0.00,7 1.11,7 1.39,8 -2.42
1 -0.46,2 -0.01,3 -0.21,4 88.55,5 120.13,6 0.00,7 1.64,8 -3.05,8 -3.70
1 -0.53,2 -0.01,3 -0.50,4 -82.30,5 125.03,6 0.00,7 1.99,8 -4.10,9 2.89
1 -0.59,1 -0.66,2 -0.01,3 -0.46,4 17.76,5 131.16,6 0.00,7 2.09,8 -4.56
1 -0.70,2 -0.01,2 -0.01,3 -0.70,4 55.31,5 137.29,6 0.00,7 2.23,8 -5.18
1 -0.73,2 -0.01,3 -0.51,3 -0.60,4 -50.56,5 142.20,6 0.00,7 2.48,8 -5.88
1 -0.74,2 -0.01,3 -0.23,4 -71.05,4 89.98,5 148.33,6 0.00,7 2.64,8 -6.33
1 -0.73,2 -0.01,3 -0.41,4 111.16,5 -154.45,5 154.45,6 0.00,7 2.69,8 -6.50
1 -0.70,2 -0.01,3 -0.37,4 -57.23,5 -148.33,6 0.00,6 0.00,7 2.96,8 -7.05
1 -0.65,2 -0.01,3 -0.35,4 -12.32,5 -143.42,6 0.00,7 3.27,7 3.53,8 -7.47
1 -0.60,2 -0.01,3 -0.35,4 41.18,5 -137.29,6 0.00,7 3.91,8 -7.82,8 -8.34
1 -0.77,2 -0.01,3 -0.22,4 -25.45,5 -131.16,6 0.00,7 4.07,8 -8.68,9 6.88
1 -0.92,1 -1.03,2 -0.01,3 -0.22,4 154.30,5 -126.26,6 0.00,7 4.37,8 -8.94
1 -0.80,2 -0.01,2 -0.01,3 -0.19,4 -74.15,5 -120.13,6 0.00,7 4.30,8 -9.25
1 -0.64,2 -0.01,3 -0.35,3 -0.66,4 -23.11,5 -114.00,6 0.00,7 4.49,8 -9.65
1 -0.48,2 -0.01,3 -0.55,4 -109.79,4 -124.06,5 -109.10,6 0.00,7 4.67,8 -10.06
1 -0.29,2 -0.01,3 -0.68,4 44.22,5 -102.97,5 -96.84,6 0.00,7 4.93,8 -10.26
1 -0.06,2 -0.01,3 -0.43,4 -148.65,5 -91.94,6 0.00,6 0.00,7 4.96,8 -10.67
1 0.19,2 -0.01,3 -0.65,4 18.85,5 -85.81,6 0.00,7 5.15,7 5.43,8 -11.07
1 0.44,2 -0.01,3 -0.81,4 125.04,5 -79.68,6 0.00,7 5.60,8 -11.34,8 -11.75
1 0.71,2 -0.01,3 -0.77,4 -18.83,5 -74.78,6 0.00,7 5.62,8 -11.93,9 11.07
1 1.00,1 1.30,2 -0.01,3 -0.99,4 153.57,5 -68.65,6 0.00,7 5.94,8 -12.22
1 1.64,2 -0.01,3 -0.96,4 117.58,5 -63.74,6 0.00,7 6.14,8 -12.48,9 12.33
1 1.99,2 -0.01,3 -1.09,4 -0.53,5 -57.61,6 0.00,7 6.42,8 -12.64,9 12.89
1 2.35,2 -0.01,3 -1.41,4 51.74,5 -51.48,6 0.00,7 6.58,8 -12.74,9 13.29
1 2.18,2 -0.01,3 -1.09,4 -133.81,5 -46.58,6 0.00,7 6.74,8 -13.01,9 13.71
1 1.92,2 -0.02,3 -0.96,4 107.26,5 -40.45,6 0.00,7 6.85,8 -13.44,9 14.10
1 2.33,2 -0.02,3 -0.96,4 -18.23,5 -34.32,6 0.00,7 6.81,8 -13.79,9 14.45
1 2.76,2 -0.02,3 -0.82,4 129.65,5 -29.42,6 0.00,7 7.04,8 -14.07,9 14.83
1 3.21,2 -0.02,3 -1.05,4 -76.74,5 -23.29,6 0.00,7 7.39,8 -14.41,9 15.14
1 3.67,2 -0.02,3 -1.39,4 69.92,5 -17.16,6 0.00,7 7.60,8 -14.79,9 15.62
1 4.15,2 -0.02,3 -1.37,4 -75.17,5 -12.26,6 0.00,7 7.70,8 -15.14,9 16.13
1 4.66,2 -0.02,3 -1.13,4 149.94,5 -6.13,6 0.00,7 7.78,8 -15.36,9 16.52
1 5.19,2 -0.02,3 -1.09,4 145.84,5 -1.23,6 0.00,7 7.84,8 -15.66,9 17.01
1 5.73,2 -0.02,3 -0.73,4 -17.65,5 4.91,6 0.00,7 7.77,8 -16.06,9 17.41
1 6.30,2 -0.02,3 -0.36,4 122.88,5 11.04,6 0.00,7 7.98,8 -16.35,9 17.72
1 6.87,2 -0.02,3 -0.09,4 47.67,5 15.94,6 0.00,7 8.11,8 -16.56,9 18.23
1 7.47,2 -0.02,3 -0.27,4 -145.23,5 22.07,6 0.00,7 8.35,8 -16.79,9 18.52
1 8.08,2 -0.02,3 0.02,4 -84.39,5 28.20,6 0.00,7 8.44,8 -17.15,9 19.11
1 8.70,2 -0.02,3 0.26,4 12.01,5 33.10,6 0.00,7 8.62,8 -17.50,9 19.47
1 9.35,2 -0.02,3 0.34,4 130.47,5 39.23,6 0.00,7 8.68,8 -17.94,9 19.98
1 9.18,2 -0.02,3 0.51,4 -142.11,5 45.36,6 0.00,7 8.72,8 -18.17,9 20.39
1 8.92,2 -0.03,3 0.64,4 95.28,5 50.26,6 0.00,7 8.79,8 -18.44,9 20.79
1 8.22,2 -0.03,3 0.64,4 -6.91,5 56.39,6 0.00,7 8.91,8 -18.53,9 21.21
1 7.54,2 -0.02,3 0.67,4 47.81,5 62.52,6 0.00,7 9.03,8 -18.73,9 21.61
1 6.88,2 -0.02,3 0.73,4 -152.44,5 67.43,6 0.00,7 9.16,8 -19.07,9 21.89
1 6.24,2 -0.02,3 0.77,4 0.34,5 73.55,6 0.00,7 9.24,8 -19.27,9 22.34
1 5.60,2 -0.01,3 0.65,4 -89.59,5 78.46,6 0.00,7 9.23,8 -19.48,9 22.85
2 -0.01,3 0.33,4 -18.94,5 84.59,6 0.00,7 9.22,8 -19.72,9 23.34,"[""0.00"", ""0.00"", ""0.01"", ""0.05"", ""-9.65"", ""2.27"", ""-76.76"", ""0.26"", ""88.39"", -6.19348, 106.84858, ""7242835379777""]"
1 4.98,2 -0.00,3 0.36,4 144.88,5 90.72,6 0.00,7 9.24,8 -19.92,9 23.80
1 4.37,2 -0.00,3 0.66,4 8.37,5 95.62,6 0.00,7 9.09,8 -20.04,9 24.28
1 3.76,2 0.00,3 0.99,4 70.42,5 101.75,6 0.00,7 9.23,8 -20.24,9 24.56
1 3.17,2 0.01,3 0.73,4 -50.15,5 107.88,6 0.00,7 9.31,8 -20.34,9 24.85
1 2.61,2 0.01,3 0.71,4 -154.78,5 112.78,6 0.00,7 9.22,8 -20.41,9 25.39
1 2.06,2 0.02,3 0.68,4 -51.03,5 118.91,6 0.00,7 9.47,8 -20.64,9 25.79
1 1.54,2 0.02,3 0.72,4 51.50,5 125.04,6 0.00,7 9.54,8 -20.89,9 26.30
1 1.02,2 0.02,3 1.03,4 131.96,5 129.94,6 0.00,7 9.46,8 -21.11,9 26.78
1 0.53,2 0.03,3 1.37,4 -65.84,5 136.07,6 0.00,7 9.56,8 -21.44,9 27.12
1 0.36,2 0.02,3 1.50,4 -136.14,5 140.98,6 0.00,7 9.69,8 -21.77,9 27.51
1 0.10,2 0.02,3 1.50,4 -128.02,5 147.10,6 0.00,7 9.68,8 -21.90,9 27.80
1 -0.35,2 0.02,3 1.52,4 -72.08,5 153.23,6 0.00,7 9.75,8 -21.98,9 28.25
1 -0.79,2 0.03,3 1.38,4 101.55,5 -155.68,6 0.00,7 9.71,8 -22.07,9 28.63
1 -1.19,2 0.03,3 1.62,4 117.06,5 -149.55,6 0.00,7 9.72,8 -22.17,9 29.00
1 -1.57,2 0.04,3 1.80,4 -5.97,5 -143.42,6 0.00,7 9.71,8 -22.26,9 29.34
1 -1.94,2 0.04,3 1.92,4 139.47,5 -138.51,6 0.00,7 9.72,8 -22.42,9 29.73
1 -2.29,2 0.04,3 1.63,4 -102.46,5 -132.38,6 0.00,7 9.85,8 -22.60,9 30.05
1 -2.62,2 0.05,3 1.64,4 130.01,5 -126.26,6 0.00,7 9.87,8 -22.74,9 30.43
1 -2.93,2 0.05,3 1.82,4 -49.41,5 -121.35,6 0.00,7 9.97,8 -22.90,9 30.82
1 -3.24,2 0.06,3 1.65,4 132.78,5 -115.22,6 0.00,7 10.07,8 -22.98,9 31.22
1 -3.53,2 0.06,3 2.00,4 -31.92,5 -110.32,6 0.00,7 10.27,8 -23.10,9 31.73
1 -3.81,2 0.06,3 2.26,4 16.67,5 -104.19,6 0.00,7 10.36,8 -23.34,9 32.07
1 -4.08,2 0.07,3 2.08,4 87.32,5 -98.06,6 0.00,7 10.48,8 -23.50,9 32.41
1 -4.31,2 0.07,3 1.85,4 -22.21,5 -93.16,6 0.00,7 10.51,8 -23.66,9 32.90
1 -4.40,2 0.07,3 1.60,4 22.84,5 -87.03,6 0.00,7 10.68,8 -23.79,9 33.49
1 -4.57,2 0.07,3 1.73,4 149.88,5 -80.90,6 0.00,7 10.78,8 -23.81,9 33.78
1 -4.83,2 0.07,3 1.73,4 20.71,5 -76.00,6 0.00,7 10.90,8 -24.28,"[""0.00"", ""0.00"", ""0.01"", ""0.02"", ""-9.71"", ""2.27"", ""-76.84"", ""0.09"", ""89.14"", -6.19348, 106.84858, ""7271906528043""]"
1 -4.89,2 0.07,3 1.55,4 -9.17,5 -69.87,6 0.00,7 10.88,8 -24.37,9 34.10
1 -4.95,2 0.08,3 1.91,4 -62.34,5 -63.74,6 0.00,7 10.85,8 -24.32,9 34.82
1 -5.00,2 0.08,3 1.96,4 43.87,5 -58.84,6 0.00,7 11.00,8 -24.52,9 35.29
1 -5.02,2 0.08,3 1.99,4 -62.00,5 -52.71,6 0.00,7 11.12,8 -24.66,9 35.66
1 -5.04,2 0.09,3 1.71,4 138.60,5 -46.58,6 0.00,7 11.07,8 -24.67,9 36.12
1 -5.02,2 0.09,3 2.07,4 143.08,5 -41.67,6 0.00,7 11.13,8 -24.79,9 36.55
1 -4.98,2 0.10,3 2.42,4 -41.24,5 -35.54,6 0.00,7 11.24,8 -25.01,9 37.16
1 -4.92,2 0.10,3 2.12,4 -122.59,5 -30.64,6 0.00,7 11.22,8 -24.97,9 37.56
1 -4.85,2 0.10,3 2.22,4 -50.71,5 -24.51,6 0.00,7 11.33,8 -25.08,9 38.16
1 -4.77,2 0.11,3 2.35,4 10.14,5 -18.38,6 0.00,7 11.32,8 -25.22,9 38.50
1 -4.67,2 0.11,3 2.43,4 94.28,5 -13.48,6 0.00,7 11.25,8 -25.20,9 38.89
1 -4.55,2 0.11,3 2.42,4 -115.78,5 -7.35,6 0.00,7 11.36,8 -25.43,9 39.30
1 -4.41,2 0.12,3 2.74,4 -35.32,5 -1.22,6 0.00,7 11.57,8 -25.64,9 39.75
1 -4.26,2 0.12,3 2.49,4 110.11,5 3.69,6 0.00,7 11.71,8 -25.61,9 40.18
1 -4.43,2 0.12,3 2.62,4 118.26,5 9.82,6 0.00,7 11.58,8 -25.80,9 40.60
1 -4.47,1 -4.69,2 0.12,3 2.62,4 -90.57,5 15.95,6 0.00,7 11.49,8 -25.89
1 -4.25,2 0.12,2 0.12,3 2.80,4 -67.73,5 20.85,6 0.00,7 11.46,8 -25.90
1 -4.03,2 0.13,3 3.04,3 3.21,4 53.18,5 26.98,6 0.00,7 11.34,8 -25.95
1 -3.76,2 0.13,3 3.13,4 38.83,4 45.37,5 33.11,6 0.00,7 11.35,8 -25.97
1 -3.47,2 0.14,3 3.48,4 46.96,5 38.01,5 44.14,6 0.00,7 11.40,8 -26.00
1 -3.18,2 0.14,3 3.83,4 -71.18,5 49.04,6 0.00,6 0.00,7 11.33,8 -26.18
1 -2.89,2 0.14,3 4.11,4 75.48,5 55.17,6 0.00,7 11.23,7 11.27,8 -26.16
1 -2.57,2 0.15,3 4.31,4 143.68,5 61.30,6 0.00,7 11.20,8 -26.30,8 -26.44
1 -2.24,2 0.15,3 4.69,4 -117.87,5 66.20,6 0.00,7 11.22,8 -26.52,9 44.77
1 -1.49,1 -1.87,2 0.15,3 4.94,4 103.58,5 72.33,6 0.00,7 11.40,8 -26.59
1 -1.10,2 0.16,2 0.16,3 5.01,4 27.14,5 78.46,6 0.00,7 11.38,8 -26.65
1 -0.70,2 0.17,3 5.39,3 5.62,4 -126.53,5 83.37,6 0.00,7 11.47,8 -26.71
1 -0.28,2 0.17,3 5.28,4 114.06,4 48.31,5 89.50,6 0.00,7 11.55,8 -26.69
1 -0.45,2 0.16,3 5.41,4 156.54,5 100.53,5 95.62,6 0.00,7 11.63,8 -26.80
1 -0.71,2 0.16,3 5.41,4 -29.02,5 106.66,6 0.00,6 0.00,7 11.58,8 -26.85
1 -0.25,2 0.17,3 5.45,4 -73.60,5 111.56,6 0.00,7 11.54,7 11.75,8 -26.95
1 0.21,2 0.18,3 5.53,4 -128.00,5 117.69,6 0.00,7 11.77,8 -26.97,8 -26.98
1 0.70,2 0.19,3 5.72,4 -112.49,5 123.82,6 0.00,7 11.71,8 -26.96,9 49.07
1 1.21,1 1.73,2 0.19,3 5.51,4 83.20,5 128.72,6 0.00,7 11.59,8 -26.92
1 2.26,2 0.20,2 0.21,3 5.35,4 -99.89,5 134.85,6 0.00,7 11.63,8 -26.79
1 1.64,2 0.22,3 5.70,3 5.97,4 -28.03,5 140.98,6 0.00,7 11.72,8 -26.80
1 1.03,2 0.23,3 5.96,4 140.48,4 90.67,5 145.88,6 0.00,7 11.58,8 -27.13
1 0.43,2 0.23,3 5.66,4 -24.22,5 -155.67,5 152.01,6 0.00,7 11.72,8 -27.24
1 -0.15,2 0.24,3 5.62,4 111.40,6 0.00,7 11.81,8 -27.45,9 51.89,"[""0.00"", ""0.00"", ""0.03"", ""0.09"", ""-9.69"", ""2.27"", ""-76.81"", ""0.54"", ""87.14"", -6.19348, 106.84858]"
1 -0.71,2 0.25,3 5.80,4 -20.21,5 -144.64,5 -150.77,6 0.00,7 11.82,8 -27.46
1 -1.26,2 0.26,3 6.15,4 -91.75,5 -138.51,6 0.00,7 11.73,8 -27.67,9 52.77
1 -1.77,2 0.26,3 6.04,4 -38.24,6 0.00,7 11.62,8 -27.83,9 53.33,"[""0.00"", ""0.00"", ""0.01"", ""0.10"", ""-9.69"", ""2.26"", ""-76.90"", ""0.59"", ""86.90"", -6.19348, 106.84858]"
1 -2.26,2 0.27,3 6.39,4 135.39,5 -133.61,6 0.00,7 11.69,8 -27.83,9 53.86
1 -2.43,2 0.27,3 6.51,4 -41.55,5 -127.48,6 0.00,7 11.66,8 -27.74,9 54.23
1 -2.69,2 0.27,3 6.52,5 -121.35,6 0.00,7 11.77,8 -27.87,9 54.63,"[""0.00"", ""0.00"", ""0.02"", ""0.06"", ""-9.66"", ""2.30"", ""-76.63"", ""0.35"", ""88.38"", -6.19348, 106.84858]"
1 -3.13,2 0.27,3 6.19,4 123.03,4 94.06,5 -116.44,6 0.00,7 11.76,8 -27.74
1 -3.58,2 0.28,3 6.42,4 52.70,5 -110.32,6 0.00,7 11.94,8 -27.66,9 55.60
1 -4.01,2 0.29,3 6.66,4 -32.33,5 -105.41,6 0.00,7 11.77,8 -27.46,9 56.06
1 -4.42,2 0.30,3 6.56,4 141.30,5 -99.28,6 0.00,7 11.75,8 -27.41,9 56.64
1 -4.82,2 0.30,3 6.52,4 -6.25,5 -93.15,6 0.00,7 11.80,8 -27.38,9 56.97
1 -5.18,2 0.31,3 6.44,4 -47.13,5 -88.25,6 0.00,7 11.82,8 -27.48,9 57.30
1 -5.53,2 0.32,3 6.10,4 -156.67,5 -82.12,6 0.00,7 11.74,8 -27.68,9 57.62
1 -5.86,2 0.33,3 5.73,4 10.83,5 -75.99,6 0.00,7 11.73,8 -27.79,9 57.96
1 -6.17,2 0.34,3 5.95,4 -153.88,5 -71.09,6 0.00,7 11.60,8 -27.80,9 58.28
1 -6.47,2 0.34,3 6.10,4 27.11,5 -64.96,6 0.00,7 11.45,8 -27.79,9 58.67
1 -6.75,2 0.35,3 5.83,4 -27.27,5 -58.83,6 0.00,7 11.46,8 -27.71,9 59.02
1 -7.02,2 0.36,3 5.64,4 115.71,5 -53.93,6 0.00,7 11.44,8 -27.62,9 59.39
1 -7.26,2 0.37,3 5.90,4 -57.58,5 -47.80,6 0.00,7 11.58,8 -27.61,9 59.76
1 -7.50,2 0.37,3 6.08,4 120.95,5 -41.67,6 0.00,7 11.78,8 -27.48,9 60.29
1 -7.67,2 0.37,3 6.21,4 137.69,5 -36.77,6 0.00,7 11.51,8 -27.45,9 60.70
1 -7.93,2 0.37,5 -30.64,6 0.00,7 11.64,8 -27.58,9 61.17,"[""0.00"", ""0.00"", ""0.02"", ""0.04"", ""-9.73"", ""2.32"", ""-76.57"", ""0.22"", ""88.61"", -6.19348, 106.84858]","[""0.00"", ""0.00"", ""0.05"", ""0.04"", ""-9.66"", ""2.29"", ""-76.68"", ""0.26"", ""88.83"", -6.19348, 106.84858]"
1 -8.09,2 0.38,3 5.96,3 6.21,4 -152.05,5 -25.73,6 0.00,7 11.74,8 -27.58
1 -8.24,2 0.38,3 6.18,4 4.41,4 5.19,5 -19.60,6 0.00,7 11.75,8 -27.70
1 -8.37,2 0.39,3 6.38,4 151.85,5 -13.47,6 0.00,7 11.67,8 -27.61,9 62.42
1 -8.49,2 0.40,3 6.30,4 93.79,5 -8.57,6 0.00,7 11.67,8 -27.71,9 62.79
1 -8.59,2 0.41,3 6.47,4 -30.46,5 -2.44,6 0.00,7 11.71,8 -27.75,9 63.09
1 -8.67,2 0.41,3 6.78,4 80.65,5 3.69,6 0.00,7 11.97,8 -27.76,9 63.51
1 -8.73,2 0.42,3 6.66,4 -92.64,5 8.60,6 0.00,7 11.93,8 -27.68,9 64.01
1 -8.78,2 0.43,3 6.49,4 -63.67,5 14.72,6 0.00,7 11.89,8 -27.63,9 64.36
1 -8.80,2 0.44,3 6.11,4 -46.93,5 20.85,6 0.00,7 11.83,8 -27.70,9 64.85
1 -8.80,2 0.45,3 6.32,4 98.50,5 25.76,6 0.00,7 11.85,8 -27.67,9 65.37
1 -8.79,2 0.45,3 6.36,4 -99.30,5 31.89,6 0.00,7 11.96,8 -27.89,9 65.71
1 -8.76,2 0.46,3 6.62,4 90.26,5 36.79,6 0.00,7 11.92,8 -27.93,9 66.23
1 -8.71,2 0.47,3 6.88,4 65.30,5 42.92,6 0.00,7 11.92,8 -27.91,9 66.71
1 -8.64,2 0.48,3 7.14,4 -8.69,5 49.05,6 0.00,7 11.87,8 -27.91,9 67.19
1 -8.81,2 0.47,3 7.27,4 -142.73,5 53.95,6 0.00,7 11.74,8 -27.79,9 67.59
1 -9.07,2 0.47,5 60.08,6 0.00,7 11.72,8 -27.86,9 68.09,"[""0.00"", ""0.00"", ""0.00"", ""0.02"", ""-9.74"", ""2.26"", ""-76.92"", ""0.13"", ""89.20"", -6.19348, 106.84858]","[""0.00"", ""0.00"", ""0.05"", ""0.09"", ""-9.71"", ""2.32"", ""-76.54"", ""0.51"", ""87.86"", -6.19348, 106.84858]"
1 -8.87,2 0.48,3 7.28,3 7.63,4 -81.81,5 66.21,6 0.00,7 11.82,8 -27.74
1 -8.67,2 0.49,3 7.29,4 -99.42,5 71.11,6 0.00,7 11.86,8 -27.72,9 69.24
1 -8.45,2 0.49,3 7.35,4 22.70,5 77.24,6 0.00,7 11.82,8 -27.88,9 69.70
1 -8.22,2 0.50,3 7.03,4 -52.51,5 83.37,6 0.00,7 11.64,8 -27.85,9 69.93
1 -7.96,2 0.51,3 6.79,4 138.27,5 88.27,6 0.00,7 11.65,8 -27.79,9 70.25
1 -7.69,2 0.52,3 7.09,4 -136.75,5 94.40,6 0.00,7 11.77,8 -27.68,9 70.62
1 -7.40,2 0.52,3 7.02,4 44.23,5 100.53,6 0.00,7 11.84,8 -27.84,9 71.12
1 -7.10,2 0.53,3 7.17,4 -26.09,5 105.44,6 0.00,7 12.00,8 -27.88,9 71.52
1 -6.78,2 0.54,3 6.97,4 130.38,5 111.57,6 0.00,7 12.09,8 -27.84,9 71.91
1 -6.44,2 0.55,3 6.67,4 -24.52,5 116.47,6 0.00,7 12.03,8 -27.80,9 72.18
1 -6.08,2 0.56,3 7.03,4 -78.90,5 122.60,6 0.00,7 11.79,8 -27.92,9 72.60
1 -5.70,2 0.56,3 7.32,4 -81.79,5 128.73,6 0.00,7 11.87,8 -28.04,9 72.97
1 -5.30,2 0.57,3 7.53,4 -155.78,5 133.63,6 0.00,7 11.94,8 -28.04,9 73.26
1 -4.88,2 0.58,3 7.47,4 -42.21,5 139.76,6 0.00,7 11.93,8 -28.05,9 73.72
1 -5.05,2 0.57,3 7.60,4 -91.69,5 145.89,6 0.00,7 12.08,8 -28.03,9 74.14
1 -5.31,4 146.93,5 150.79,6 0.00,7 12.07,8 -27.97,9 74.68,"[""0.00"", ""0.00"", ""0.02"", ""0.01"", ""-9.67"", ""2.23"", ""-77.03"", ""0.06"", ""89.13"", -6.19348, 106.84858]","[""0.00"", ""0.00"", ""0.02"", ""0.06"", ""-9.70"", ""2.27"", ""-76.82"", ""0.33"", ""88.31"", -6.19348, 106.84858]"
1 -4.84,2 0.57,2 0.58,3 7.60,4 54.54,5 -156.89,6 0.00,7 12.00,8 -28.00
1 -4.32,2 0.60,3 7.29,3 7.50,4 30.80,5 -150.76,6 0.00,7 12.04,8 -28.07
1 -3.80,2 0.61,3 7.40,4 105.15,5 -145.86,6 0.00,7 12.01,8 -28.10,9 75.93
1 -3.26,2 0.62,3 7.73,4 -55.88,5 -139.73,6 0.00,7 11.94,8 -28.17,9 76.32
1 -2.71,2 0.63,3 8.11,4 -139.68,5 -133.60,6 0.00,7 11.98,8 -28.28,9 76.63
1 -2.12,2 0.64,3 8.36,4 -26.12,5 -128.70,6 0.00,7 11.91,8 -28.32,9 77.09
1 -1.52,2 0.65,3 8.04,4 -21.64,5 -122.57,6 0.00,7 11.85,8 -28.32,9 77.59
1 -0.90,2 0.67,3 7.79,4 -139.76,5 -117.67,6 0.00,7 11.92,8 -28.36,9 77.97
1 -0.26,2 0.68,3 7.86,4 1.99,5 -111.54,6 0.00,7 11.89,8 -28.35,9 78.43
1 0.40,2 0.69,3 7.94,4 -60.97,5 -105.41,6 0.00,7 11.91,8 -28.43,9 78.90
1 1.07,2 0.70,3 7.82,4 -155.80,5 -100.50,6 0.00,7 11.86,8 -28.30,9 79.30
1 1.76,2 0.71,3 8.03,4 104.86,5 -94.37,6 0.00,7 11.82,8 -28.37,9 79.72
1 1.08,2 0.72,3 8.39,4 41.90,5 -88.25,6 0.00,7 11.78,8 -28.38,9 80.09
1 0.41,2 0.74,3 8.13,4 -28.41,5 -83.34,6 0.00,7 11.81,8 -28.30,9 80.47
1 0.24,2 0.73,3 8.26,4 -140.41,5 -77.21,6 0.00,7 11.81,8 -28.32,9 80.72
1 -0.02,4 -30.51,5 -71.08,6 0.00,7 11.72,8 -28.39,9 81.28,"[""0.00"", ""0.00"", ""0.01"", ""0.01"", ""-9.66"", ""2.29"", ""-76.64"", ""0.06"", ""89.20"", -6.19348, 106.84858]","[""0.00"", ""0.00"", ""0.01"", ""0.08"", ""-9.66"", ""2.31"", ""-76.55"", ""0.45"", ""87.95"", -6.19348, 106.84858]"
1 -0.62,2 0.73,2 0.74,3 8.27,4 83.06,5 -66.18,6 0.00,7 11.66,8 -28.43
1 -1.22,2 0.75,3 8.25,3 8.28,4 -106.17,5 -60.05,6 0.00,7 11.65,8 -28.48
1 -1.81,2 0.76,3 7.90,4 -117.66,5 -53.92,6 0.00,7 11.60,8 -28.53,9 82.43
1 -2.38,2 0.78,3 8.00,4 30.22,5 -49.02,6 0.00,7 11.51,8 -28.56,9 82.83
1 -2.93,2 0.79,3 7.67,4 -85.45,5 -42.89,6 0.00,7 11.62,8 -28.43,9 83.22
1 -3.46,2 0.80,4 104.11,5 -37.99,6 0.00,7 11.48,8 -28.54,9 83.59,"[""0.00"", ""0.00"", ""0.00"", ""0.06"", ""-9.70"", ""2.32"", ""-76.56"", ""0.32"", ""88.45"", -6.19348, 106.84858]"
1 -3.98,2 0.81,3 7.72,4 -97.37,5 -31.86,6 0.00,7 11.61,8 -28.59,9 83.94
1 -4.49,2 0.82,3 7.83,4 19.87,5 -25.73,6 0.00,7 11.70,8 -28.51,9 84.29
1 -4.73,2 0.83,3 7.67,4 -127.67,5 -20.82,6 0.00,7 11.42,8 -28.46,9 84.74
1 -4.95,2 0.85,3 7.51,4 -102.12,5 -14.70,6 0.00,7 11.55,8 -28.50,9 85.16
1 -5.15,2 0.86,3 7.89,4 131.57,5 -8.57,6 0.00,7 11.51,8 -28.50,9 85.53
1 -5.34,2 0.87,3 7.71,4 19.58,5 -3.66,6 0.00,7 11.42,8 -28.48,9 86.02
1 -5.51,2 0.88,3 7.62,4 -119.38,5 2.47,6 0.00,7 11.49,8 -28.52,9 86.38
1 -5.66,2 0.89,3 7.52,4 131.47,5 8.60,6 0.00,7 11.61,8 -28.51,9 86.83
1 -5.82,2 0.89,3 7.23,4 51.35,5 13.50,6 0.00,7 11.53,8 -28.75,9 87.26
1 -6.09,2 0.89,3 7.36,4 -97.40,5 19.63,6 0.00,7 11.43,8 -28.72,9 87.77
1 -6.18,2 0.90,3 7.37,4 -77.02,5 25.76,6 0.00,7 11.25,8 -28.60,9 88.22
1 -6.26,2 0.91,3 7.15,4 -144.88,5 30.66,6 0.00,7 11.25,8 -28.62,9 88.70
1 -6.31,2 0.92,3 7.28,4 112.10,5 36.79,6 0.00,7 11.24,8 -28.57,9 89.00
1 -6.34,2 0.93,3 7.43,4 38.13,5 42.92,6 0.00,7 11.21,8 -28.69,9 89.34
1 -6.35,2 0.94,3 7.50,4 -156.00,5 47.83,6 0.00,7 11.26,8 -28.75,9 89.76
1 -6.35,2 0.96,3 7.81,4 64.21,5 53.96,6 0.00,7 11.21,8 -28.73,9 90.21
1 -6.33,2 0.97,3 7.78,4 153.25,5 60.08,6 0.00,7 11.32,8 -28.85,9 90.66
1 -6.29,2 0.98,3 7.50,4 -53.14,5 64.99,6 0.00,7 11.26,8 -28.93,9 91.06
1 -6.24,2 0.99,3 7.35,4 127.85,5 71.12,6 0.00,7 11.20,8 -28.90,9 91.36
1 -6.17,2 1.00,3 7.50,4 59.98,5 76.02,6 0.00,7 11.18,8 -28.92,9 91.80
1 -6.08,2 1.01,3 7.86,4 -54.46,5 82.15,6 0.00,7 11.19,8 -28.93,9 92.24
1 -5.96,2 1.03,3 8.23,4 126.52,5 88.28,6 0.00,7 11.13,8 -28.90,9 92.61
1 -5.82,2 1.04,3 8.13,4 30.48,5 93.18,6 0.00,7 11.22,8 -28.82,9 93.03
1 -5.67,2 1.05,3 8.43,4 -133.00,5 99.31,6 0.00,7 11.16,8 -28.78,9 93.39
1 -5.84,2 1.04,3 8.58,4 -61.12,5 105.44,6 0.00,7 11.31,8 -28.74,9 93.90
1 -6.10,3 8.71,4 -126.52,5 110.34,6 0.00,7 11.49,8 -28.63,9 94.31,"[""0.00"", ""0.00"", ""0.03"", ""0.10"", ""-9.73"", ""2.32"", ""-76.56"", ""0.59"", ""87.12"", -6.19348, 106.84858]"
1 -5.90,2 1.04,2 1.05,3 8.71,4 113.29,5 116.47,6 0.00,7 11.37,8 -28.60
1 -5.70,2 1.07,3 9.04,4 88.33,5 122.60,6 0.00,7 11.51,8 -28.70,9 95.16
1 -5.48,2 1.08,3 9.00,4 -37.17,5 127.51,6 0.00,7 11.54,8 -28.70,9 95.42
1 -5.25,2 1.09,3 9.01,4 -120.97,5 133.63,6 0.00,7 11.50,8 -28.76,9 95.85
1 -5.00,2 1.10,3 9.05,4 -6.19,5 138.54,6 0.00,7 11.42,8 -28.68,9 96.30
1 -4.71,2 1.11,3 8.80,4 -22.56,5 144.67,6 0.00,7 11.38,8 -28.70,9 96.66
1 -4.40,2 1.12,3 8.96,4 37.08,5 150.80,6 0.00,7 11.55,8 -28.66,9 97.11
1 -4.08,2 1.14,3 8.86,4 -24.66,5 155.70,6 0.00,7 11.38,8 -28.69,9 97.52
1 -3.74,3 8.65,4 -132.97,5 -151.98,6 0.00,7 11.22,8 -28.77,9 97.95,"[""0.00"", ""0.00"", ""0.01"", ""0.07"", ""-9.72"", ""2.25"", ""-76.95"", ""0.42"", ""87.89"", -6.19348, 106.84858]"
1 -3.39,2 1.15,3 9.02,4 128.92,5 -145.85,6 0.00,7 11.35,8 -28.72,9 98.25
1 -3.02,2 1.16,3 8.85,4 -5.14,5 -140.95,6 0.00,7 11.28,8 -28.56,9 98.72
1 -2.62,2 1.17,3 8.61,4 -102.42,5 -134.82,6 0.00,7 11.32,8 -28.62,9 99.00
1 -2.21,2 1.18,3 8.50,4 82.24,5 -128.69,6 0.00,7 11.33,8 -28.63,9 99.35
1 -1.79,2 1.19,3 8.58,4 -5.24,5 -123.79,6 0.00,7 11.47,8 -28.51,9 99.79
1 -1.96,2 1.21,3 8.24,4 -139.30,5 -117.66,6 0.00,7 11.46,8 -28.49,9 100.20
1 -2.23,2 1.20,3 8.37,4 106.69,5 -111.53,6 0.00,7 11.57,8 -28.59,9 100.64
1 -1.74,2 1.20,3 8.37,4 -126.68,5 -106.63,6 0.00,7 11.52,8 -28.41,9 101.01
1 -1.26,2 1.22,3 8.19,4 -57.26,5 -100.50,6 0.00,7 11.62,8 -28.51,9 101.47
1 -0.76,2 1.23,3 8.37,4 -139.85,5 -95.60,6 0.00,7 11.60,8 -28.49,9 101.87
1 -0.25,2 1.25,3 8.18,4 -21.39,5 -89.47,6 0.00,7 11.77,8 -28.58,9 102.35
1 0.28,2 1.26,3 7.84,4 98.30,5 -83.34,6 0.00,7 11.66,8 -28.48,9 102.80
1 0.83,2 1.28,3 7.71,4 -77.44,5 -78.43,6 0.00,7 11.70,8 -28.54,9 103.26
1 1.39,2 1.30,2 1.31,3 7.51,4 101.09,5 -72.30,6 0.00,7 11.99,8 -28.57
1 1.97,2 1.33,3 7.38,3 7.45,4 -115.10,5 -66.18,6 0.00,7 12.00,8 -28.44
1 2.58,2 1.34,3 7.55,4 137.78,4 96.53,5 -61.27,6 0.00,7 12.04,8 -28.56
1 3.21,2 1.36,3 7.73,4 51.53,5 -49.01,5 -55.14,6 0.00,7 12.03,8 -28.75
1 3.86,2 1.37,3 7.50,4 -84.98,5 -44.11,6 0.00,6 0.00,7 11.95,8 -28.76
1 4.53,2 1.39,3 7.50,4 89.87,5 -37.98,6 0.00,7 11.95,7 12.13,8 -28.68
1 5.21,2 1.40,3 7.36,4 -80.96,5 -33.08,6 0.00,7 12.02,8 -28.72,8 -28.73
1 4.51,2 1.42,3 7.66,4 -16.44,5 -26.95,6 0.00,7 12.16,8 -28.68,9 106.34
1 4.08,1 4.35,2 1.41,3 7.79,4 -114.93,5 -20.82,6 0.00,7 12.11,8 -28.64
1 3.46,2 1.41,2 1.43,3 7.79,4 -29.55,5 -15.92,6 0.00,7 12.19,8 -28.71
1 2.88,2 1.44,3 7.41,3 7.54,4 70.53,5 -9.79,6 0.00,7 12.04,8 -28.72
1 2.30,2 1.46,3 7.91,4 154.22,4 79.91,5 -3.66,6 0.00,7 12.15,8 -28.70
1 1.73,2 1.48,3 7.99,4 -87.71,5 1.25,5 7.38,6 0.00,7 12.17,8 -28.59
1 1.18,2 1.49,3 8.08,4 132.50,5 13.51,6 0.00,6 0.00,7 12.20,8 -28.77
1 0.63,2 1.51,3 8.16,4 80.56,5 18.41,6 0.00,7 12.43,7 12.56,8 -28.96
1 0.10,2 1.52,3 8.10,4 13.92,5 24.54,6 0.00,7 12.68,8 -28.88,8 -29.29
1 -0.42,2 1.54,3 8.00,4 128.70,5 29.44,6 0.00,7 12.66,8 -29.18,9 110.48
1 -0.93,1 -1.44,2 1.55,3 7.81,4 15.47,5 35.57,6 0.00,7 12.89,8 -29.25
1 -1.93,2 1.57,2 1.58,3 7.67,4 48.12,5 41.70,6 0.00,7 13.01,8 -29.37
1 -2.38,2 1.60,3 7.83,3 8.16,4 -133.75,5 46.61,6 0.00,7 12.92,8 -29.22
1 -2.82,2 1.62,3 8.02,4 133.84,4 52.15,5 52.73,6 0.00,7 12.86,8 -29.17
1 -3.25,2 1.63,3 8.19,4 -100.74,5 58.86,5 63.77,6 0.00,7 13.02,8 -29.20
1 -3.42,2 1.62,3 8.32,4 -129.36,5 69.90,6 0.00,6 0.00,7 12.99,8 -29.08
1 -3.68,2 1.62,3 8.32,4 -8.47,5 76.03,6 0.00,7 12.84,7 12.84,8 -28.90
1 -4.05,2 1.64,3 8.43,4 70.78,5 80.93,6 0.00,7 12.75,8 -28.77,8 -28.84
1 -4.41,2 1.66,3 8.77,4 108.33,5 87.06,6 0.00,7 12.82,8 -28.77,9 114.90
1 -4.75,1 -5.07,2 1.67,3 8.94,4 41.70,5 93.19,6 0.00,7 12.77,8 -28.76
1 -5.36,2 1.69,2 1.70,3 8.75,4 109.90,5 98.09,6 0.00,7 12.76,8 -28.60
1 -5.64,2 1.72,3 8.79,3 8.99,4 -24.15,5 104.22,6 0.00,7 12.75,8 -28.55
1 -5.89,2 1.73,3 8.97,4 28.12,4 62.00,5 109.12,6 0.00,7 12.79,8 -28.47
1 -6.16,2 1.75,3 9.00,4 -144.41,5 115.25,5 121.38,6 0.00,7 12.83,8 -28.49
1 -6.42,2 1.76,3 9.37,4 -71.30,5 126.28,6 0.00,6 0.00,7 12.85,8 -28.50
1 -6.66,2 1.78,3 9.72,4 -37.43,5 132.41,6 0.00,7 12.79,7 12.83,8 -28.45
1 -6.87,2 1.80,3 9.46,4 -5.99,5 138.54,6 0.00,7 12.89,8 -28.47,8 -28.50
1 -7.06,2 1.81,3 9.12,4 117.38,5 143.45,6 0.00,7 12.73,8 -28.38,9 119.63
1 -7.24,1 -7.42,2 1.83,3 9.46,4 -107.39,5 149.58,6 0.00,7 12.64,8 -28.19
1 -7.59,2 1.84,2 1.84,3 9.55,4 149.58,5 155.70,6 0.00,7 12.65,8 -28.09
1 -7.85,2 1.84,3 9.68,3 9.68,4 -26.13,5 -153.20,6 0.00,7 12.68,8 -28.20
1 -7.96,2 1.85,3 9.47,4 -134.45,4 -63.80,5 -147.08,6 0.00,7 12.36,8 -28.34
1 -8.05,2 1.87,3 9.54,4 8.08,5 -136.04,5 -142.17,6 0.00,7 12.33,8 -28.29
1 -8.13,2 1.88,3 9.24,4 87.32,5 -129.91,6 0.00,6 0.00,7 12.25,8 -28.18
1 -8.19,2 1.90,3 8.90,4 -132.55,5 -125.01,6 0.00,7 12.19,7 12.21,8 -28.15
1 -8.23,2 1.91,3 8.54,4 28.82,5 -118.88,6 0.00,7 12.17,8 -28.19,8 -28.20
1 -8.27,2 1.93,3 8.79,4 0.17,5 -112.75,6 0.00,7 12.14,8 -28.32,9 123.87
1 -8.27,1 -8.28,2 1.94,3 8.78,4 135.79,5 -107.85,6 0.00,7 12.29,8 -28.44
1 -8.25,2 1.96,2 1.98,3 8.41,4 90.01,5 -101.72,6 0.00,7 12.31,8 -28.55
1 -8.20,2 1.99,3 8.31,3 8.53,4 -90.63,5 -95.59,6 0.00,7 12.31,8 -28.52
1 -8.14,2 2.01,3 8.43,4 -109.90,4 45.00,5 -90.69,6 0.00,7 12.24,8 -28.45
1 -8.07,2 2.02,3 8.15,4 -24.54,5 -79.66,5 -84.56,6 0.00,7 12.16,8 -28.62
1 -7.97,2 2.04,3 7.90,4 150.31,5 -73.53,6 0.00,6 0.00,7 12.14,8 -28.56
1 -7.87,2 2.06,3 7.84,4 -98.98,5 -67.40,6 0.00,7 12.00,7 12.12,8 -28.53
1 -8.04,2 2.05,3 7.97,4 138.41,5 -62.49,6 0.00,7 11.98,8 -28.41,8 -28.51
1 -8.30,2 2.05,3 7.97,4 -139.09,5 -56.36,6 0.00,7 12.00,8 -28.42,9 127.66
1 -7.97,1 -8.13,2 2.07,3 7.64,4 23.52,5 -50.24,6 0.00,7 12.01,8 -28.40
1 -7.79,2 2.09,2 2.11,3 7.26,4 -97.08,5 -45.33,6 0.00,7 12.04,8 -28.35
1 -7.60,2 2.13,3 7.11,3 7.15,4 -36.23,5 -39.20,6 0.00,7 12.04,8 -28.36
1 -7.39,2 2.15,3 7.39,4 -43.25,4 77.33,5 -33.07,6 0.00,7 12.20,8 -28.42
1 -7.17,2 2.17,3 7.60,4 80.12,5 -22.04,5 -28.17,6 0.00,7 11.99,8 -28.30
1 -6.93,2 2.19,3 7.67,4 -129.94,5 -17.14,6 0.00,6 0.00,7 12.03,8 -28.28
1 -6.67,2 2.21,3 7.65,4 11.81,5 -11.01,6 0.00,7 12.03,7 12.03,8 -28.46
1 -6.40,2 2.23,3 7.41,4 33.43,5 -4.88,6 0.00,7 12.03,8 -28.54,8 -28.64
1 -6.11,2 2.25,3 7.23,4 113.89,5 0.03,6 0.00,7 12.33,8 -28.71,9 131.86
1 -5.46,1 -5.79,2 2.26,3 7.56,4 -4.22,5 6.16,6 0.00,7 12.38,8 -28.77
1 -5.11,2 2.28,2 2.30,3 7.43,4 77.47,5 12.29,6 0.00,7 12.67,8 -28.73
1 -4.75,2 2.32,3 7.37,3 7.47,4 -133.82,5 17.19,6 0.00,7 12.62,8 -28.88
1 -4.92,2 2.32,3 7.49,4 104.77,4 35.69,5 23.32,6 0.00,7 12.47,8 -29.12
1 -5.18,2 2.32,3 7.50,4 -154.77,5 29.45,5 34.35,6 0.00,7 12.36,8 -29.05
1 -4.78,2 2.34,3 7.29,4 -19.15,5 40.48,6 0.00,6 0.00,7 12.26,8 -29.10
1 -4.36,2 2.36,3 7.08,4 -31.85,5 46.61,6 0.00,7 12.43,7 12.54,8 -29.02
1 -3.92,2 2.37,3 6.90,4 95.20,5 51.51,6 0.00,7 12.57,8 -28.94,8 -29.06
1 -3.45,2 2.39,3 6.75,4 49.42,5 57.64,6 0.00,7 12.71,8 -29.01,9 136.39
1 -2.45,1 -2.96,2 2.41,3 6.50,4 40.40,5 62.55,6 0.00,7 12.70,8 -29.01
1 -1.92,2 2.43,2 2.45,3 6.18,4 -104.70,5 68.68,6 0.00,7 12.59,8 -29.02
1 -1.38,2 2.47,3 6.22,3 6.39,4 35.83,5 74.80,6 0.00,7 12.62,8 -29.12
1 -0.84,2 2.49,3 6.35,4 120.73,4 156.74,5 79.71,6 0.00,7 12.65,8 -29.12
1 -0.29,2 2.51,3 6.36,4 -116.30,5 85.84,5 91.97,6 0.00,7 12.77,8 -29.16
1 0.28,2 2.53,3 6.13,4 -8.87,5 96.87,6 0.00,6 0.00,7 12.35,8 -29.20
1 0.86,2 2.55,3 5.83,4 33.60,5 103.00,6 0.00,7 12.22,7 12.26,8 -29.17
1 1.49,2 2.57,3 6.20,4 22.15,5 109.13,6 0.00,7 12.30,8 -29.09,8 -29.10
1 2.15,2 2.59,3 6.28,4 -114.35,5 114.03,6 0.00,7 12.27,8 -29.09,9 140.73
1 1.72,1 1.98,2 2.58,3 6.41,4 -14.28,5 120.16,6 0.00,7 12.11,8 -29.05
1 2.41,2 2.58,2 2.60,3 6.42,4 51.46,5 125.06,6 0.00,7 11.95,8 -29.13
1 1.72,2 2.62,3 6.44,3 6.76,4 115.98,5 131.19,6 0.00,7 11.98,8 -29.10
1 1.05,2 2.64,3 6.79,4 -41.37,4 110.20,5 137.32,6 0.00,7 11.97,8 -29.17
1 0.39,2 2.66,3 7.15,4 -64.32,5 142.23,5 148.35,6 0.00,7 11.97,8 -29.04
1 -0.25,2 2.68,3 6.85,4 13.69,5 154.48,6 0.00,6 0.00,7 11.91,8 -28.94
1 -0.87,2 2.70,3 6.50,4 -106.88,5 -154.43,6 0.00,7 11.91,7 11.97,8 -29.07
1 -1.46,2 2.72,3 6.74,4 -103.63,5 -148.30,6 0.00,7 11.91,8 -28.89,8 -29.09
1 -2.05,2 2.74,3 6.89,4 -31.77,5 -142.17,6 0.00,7 12.06,8 -28.92,9 145.02
1 -2.63,2 2.76,3 6.67,4 26.63,5 -137.26,6 0.00,7 12.21,8 -28.85,9 146.04
1 -3.19,2 2.78,3 6.76,4 -131.94,5 -131.14,6 0.00,7 12.20,8 -28.97,9 146.55
1 -3.73,2 2.80,3 6.61,4 -62.52,5 -125.01,6 0.00,7 12.42,8 -29.05,9 146.87
1 -4.25,2 2.82,3 6.96,4 -38.45,5 -120.10,6 0.00,7 12.35,8 -29.03,9 147.29
1 -4.76,2 2.84,3 6.77,4 75.12,5 -113.97,6 0.00,7 12.37,8 -28.89,9 147.72
1 -5.26,2 2.85,3 7.05,4 -134.95,5 -109.07,6 0.00,7 12.35,8 -28.93,9 148.01
1 -5.43,2 2.85,3 7.18,4 85.28,5 -102.94,6 0.00,7 12.31,8 -28.75,9 148.48
1 -5.69,2 2.85,3 7.18,4 -47.56,5 -96.81,6 0.00,7 12.39,8 -28.81,9 148.96
1 -6.14,2 2.87,3 7.35,4 -84.79,5 -91.91,6 0.00,7 12.25,8 -28.82,9 149.48
1 -6.57,2 2.89,3 7.31,4 71.67,5 -85.78,6 0.00,7 11.99,8 -28.62,9 149.85
1 -6.99,2 2.91,3 7.36,4 104.32,5 -79.65,6 0.00,7 12.04,8 -28.68,9 150.33
1 -7.40,2 2.93,3 7.11,4 -89.81,5 -74.75,6 0.00,7 12.08,8 -28.57,9 150.65
1 -7.79,2 2.94,3 7.32,4 47.04,5 -68.62,6 0.00,7 12.04,8 -28.66,9 151.12
1 -8.17,2 2.96,3 6.96,4 -118.89,5 -62.49,6 0.00,7 12.20,8 -28.68,9 151.44
1 -8.53,2 2.98,3 7.23,4 0.80,5 -57.59,6 0.00,7 12.28,8 -28.56,9 151.95
1 -8.86,2 3.00,3 7.35,4 -67.06,5 -51.46,6 0.00,7 12.25,8 -28.75,9 152.32
1 -9.19,2 3.02,3 7.27,4 -101.83,5 -46.55,6 0.00,7 12.28,8 -28.73,9 152.88
1 -9.49,2 3.04,3 7.49,4 59.55,5 -40.42,6 0.00,7 12.16,8 -28.74,9 153.34
1 -9.78,2 3.06,3 7.28,4 98.33,5 -34.29,6 0.00,7 12.12,8 -28.58,9 153.73
1 -9.81,2 3.08,3 7.08,4 -112.72,5 -28.17,6 0.00,7 12.36,8 -28.52,9 154.18
1 -9.84,2 3.10,3 7.14,4 -21.23,5 -23.26,6 0.00,7 12.47,8 -28.38,9 154.42
1 -9.85,2 3.12,3 7.05,4 58.01,5 -17.13,6 0.00,7 12.48,8 -28.47,9 154.92
1 -10.02,2 3.12,3 7.18,4 136.01,5 -12.23,6 0.00,7 12.44,8 -28.53,9 155.41
1 -10.28,2 3.12,3 7.18,4 -108.39,5 -6.10,6 0.00,7 12.31,8 -28.49,9 155.75
1 -10.26,2 3.14,3 7.47,4 -47.54,5 0.03,6 0.00,7 12.39,8 -28.54,9 156.26
1 -10.23,2 3.16,3 7.45,4 14.52,5 4.94,6 0.00,7 12.61,8 -28.45,9 156.77
1 -10.18,2 3.19,3 7.78,4 -80.30,5 11.07,6 0.00,7 12.63,8 -28.37,9 157.25
1 -10.11,2 3.21,3 8.05,4 21.01,5 17.20,6 0.00,7 12.70,8 -28.52,9 157.68
1 -10.02,2 3.23,3 8.03,4 108.82,5 22.10,6 0.00,7 12.80,8 -28.59,9 158.24
1 -9.93,2 3.26,3 8.17,4 -117.18,5 28.23,6 0.00,7 12.87,8 -28.52,9 158.67
1 -9.81,2 3.28,3 8.38,4 -13.43,5 34.36,6 0.00,7 12.84,8 -28.59,9 158.99
1 -9.68,2 3.30,3 8.30,4 87.88,5 39.26,6 0.00,7 12.79,8 -28.49,9 159.36
1 -9.53,2 3.33,3 8.17,4 -102.57,5 45.39,6 0.00,7 12.69,8 -28.55,9 159.75
1 -9.37,2 3.35,3 7.90,4 34.28,5 50.29,6 0.00,7 12.53,8 -28.56,9 160.26
1 -9.19,2 3.37,3 8.04,4 32.61,5 56.42,6 0.00,7 12.49,8 -28.69,9 160.58
1 -8.97,2 3.40,3 8.34,4 -5.81,5 62.55,6 0.00,7 12.49,8 -28.74,9 160.98
1 -8.74,2 3.42,3 8.17,4 -20.97,5 67.45,6 0.00,7 12.53,8 -28.86,9 161.52
1 -8.49,2 3.44,3 7.98,4 64.39,5 73.58,6 0.00,7 12.37,8 -28.59,9 162.00
1 -8.66,2 3.44,3 8.11,4 10.03,5 79.71,6 0.00,7 12.44,8 -28.63,9 162.42
1 -8.92,2 3.44,3 8.11,4 -50.49,5 84.62,6 0.00,7 12.35,8 -28.65,9 162.84
1 -8.62,2 3.46,3 7.97,4 53.26,5 90.75,6 0.00,7 12.41,8 -28.53,9 163.19
1 -8.31,2 3.48,3 8.16,4 -91.83,5 96.87,6 0.00,7 12.30,8 -28.51,"[""0.00"", ""0.00"", ""0.03"", ""0.07"", ""-9.66"", ""2.23"", ""-76.99"", ""0.38"", ""88.30"", -6.19348, 106.84858]"
1 -7.98,2 3.51,3 8.13,4 -138.86,5 101.78,6 0.00,7 12.23,8 -28.57,9 163.61
1 -7.66,2 3.53,3 8.44,4 -19.20,5 107.91,6 0.00,7 12.20,8 -28.78,9 164.31
1 -7.33,2 3.55,3 8.70,4 126.24,5 112.81,6 0.00,7 12.16,8 -28.82,9 164.71
1 -6.96,2 3.58,3 8.65,4 78.00,5 118.94,6 0.00,7 12.36,8 -28.66,9 165.05
1 -6.58,2 3.60,3 8.80,4 132.72,5 125.07,6 0.00,7 12.44,8 -28.59,9 165.42
1 -6.19,2 3.62,3 9.15,4 -127.61,5 129.97,6 0.00,7 12.50,8 -28.72,9 165.87
1 -5.79,2 3.65,3 9.31,4 -41.03,5 136.10,6 0.00,7 12.56,8 -28.66,9 166.26
1 -5.38,2 3.67,3 8.95,4 6.34,5 142.23,6 0.00,7 12.40,8 -28.69,9 166.72
1 -4.96,2 3.69,3 8.68,4 51.25,5 147.13,6 0.00,7 12.36,8 -28.68,9 167.15
1 -4.52,2 3.72,3 8.56,4 129.25,5 153.26,6 0.00,7 12.16,8 -28.73,9 167.50
1 -4.08,2 3.74,3 8.64,4 131.25,5 -154.42,6 0.00,7 12.15,8 -28.60,9 167.92
1 -3.63,2 3.76,3 8.32,4 -76.37,5 -149.52,6 0.00,7 12.29,8 -28.58,"[""0.00"", ""0.00"", ""0.00"", ""0.09"", ""-9.68"", ""2.27"", ""-76.79"", ""0.52"", ""87.66"", -6.19348, 106.84858]"
1 -3.79,2 3.76,3 8.45,4 -35.14,5 -143.39,6 0.00,7 12.27,8 -28.64,9 168.45
1 -4.06,2 3.76,3 8.45,4 -127.53,5 -138.49,6 0.00,7 12.24,8 -28.66,9 169.39
1 -3.57,2 3.78,3 8.30,4 -42.17,5 -132.36,6 0.00,7 12.44,8 -28.67,9 169.76
1 -3.08,2 3.80,3 8.41,4 18.68,5 -126.23,6 0.00,7 12.35,8 -28.70,9 170.19
1 -2.57,2 3.83,3 8.56,4 102.82,5 -121.32,6 0.00,7 12.34,8 -28.68,9 170.64
1 -2.04,2 3.85,3 8.66,4 -103.57,5 -115.19,6 0.00,7 12.29,8 -28.53,"[""0.00"", ""0.00"", ""0.02"", ""0.09"", ""-9.68"", ""2.32"", ""-76.50"", ""0.55"", ""87.70"", -6.19348, 106.84858]"
1 -1.42,2 3.87,3 8.87,4 49.30,5 -109.07,6 0.00,7 12.22,8 -28.60,9 170.94
1 -2.07,2 3.90,3 8.77,4 1.16,5 -104.16,6 0.00,7 12.36,8 -28.54,9 171.92
1 -2.70,2 3.92,3 8.55,4 118.39,5 -98.03,6 0.00,7 12.62,8 -28.44,9 172.43
1 -3.28,2 3.94,3 8.88,4 -121.05,5 -91.90,6 0.00,7 12.55,8 -28.43,9 172.85
1 -3.84,2 3.97,3 9.00,4 29.29,5 -87.00,6 0.00,7 12.55,8 -28.41,9 173.25
1 -4.39,2 3.99,3 9.22,4 -55.75,5 -80.87,6 0.00,7 12.67,8 -28.32,9 173.63
1 -4.93,2 4.01,3 9.39,4 137.49,5 -74.74,6 0.00,7 12.74,8 -28.54,9 174.16
1 -5.45,2 4.04,3 9.07,4 21.82,5 -69.84,6 0.00,7 12.65,8 -28.57,9 174.58
1 -5.96,2 4.06,3 8.88,4 152.54,5 -63.71,6 0.00,7 12.47,8 -28.43,9 174.93
1 -6.44,2 4.08,3 8.74,4 85.90,5 -57.58,6 0.00,7 12.47,8 -28.24,9 175.43
1 -6.61,2 4.08,3 8.87,4 -121.69,5 -52.68,6 0.00,7 12.59,8 -28.26,9 175.69
1 -6.87,2 4.08,3 8.87,4 32.31,5 -46.55,6 0.00,7 12.69,"[""0.00"", ""0.00"", ""0.01"", ""0.10"", ""-9.66"", ""2.23"", ""-76.99"", ""0.60"", ""87.16"", -6.19348, 106.84858]","[""0.00"", ""0.00"", ""0.02"", ""0.07"", ""-9.65"", ""2.30"", ""-76.57"", ""0.39"", ""88.30"", -6.19348, 106.84858]"
1 -7.30,2 4.10,3 8.59,4 75.99,5 -41.64,6 0.00,7 12.65,8 -28.29,8 -28.44
1 -7.73,2 4.12,3 8.55,4 -127.94,5 -35.52,6 0.00,7 12.52,8 -28.57,9 176.47
1 -8.14,2 4.15,3 8.73,4 51.82,5 -29.39,6 0.00,7 12.56,8 -28.54,9 176.87
1 -8.53,2 4.17,3 8.42,4 -94.50,5 -24.48,6 0.00,7 12.56,8 -28.48,9 177.21
1 -8.90,2 4.19,3 8.80,4 108.54,5 -18.35,6 0.00,7 12.59,8 -28.49,9 177.75
1 -9.26,2 4.22,3 8.86,4 5.13,5 -12.22,6 0.00,7 12.63,8 -28.50,9 178.05
1 -9.60,2 4.24,3 8.73,4 -117.90,5 -7.32,6 0.00,7 12.64,8 -28.51,9 178.30
1 -9.92,2 4.26,3 9.06,4 36.12,5 -1.19,6 0.00,7 12.62,8 -28.51,9 178.67
1 -10.22,2 4.29,3 9.05,4 -132.27,5 4.94,6 0.00,7 12.46,8 -28.51,9 179.17
1 -10.51,2 4.31,3 9.03,4 11.94,5 9.84,6 0.00,7 12.34,8 -28.39,9 179.65
1 -10.77,2 4.33,3 8.80,4 -11.78,5 15.97,6 0.00,7 12.61,8 -28.51,9 180.07
1 -11.01,2 4.36,3 9.00,4 -115.19,5 22.10,6 0.00,7 12.46,8 -28.46,9 180.51
1 -11.23,2 4.38,3 8.61,4 107.47,5 27.01,6 0.00,7 12.48,8 -28.43,9 180.95
1 -11.45,2 4.41,3 8.48,4 -57.24,5 33.14,6 0.00,7 12.49,8 -28.32,9 181.38
1 -11.62,2 4.40,3 8.61,4 -40.51,5 38.04,6 0.00,7 12.25,8 -28.37,9 181.80
1 -11.88,2 4.40,3 8.62,4 75.48,5 44.17,6 0.00,7 12.43,9 182.06,"[""0.00"", ""0.00"", ""0.01"", ""0.02"", ""-9.67"", ""2.29"", ""-76.68"", ""0.12"", ""88.99"", -6.19348, 106.84858]"
1 -12.05,2 4.43,3 8.30,4 140.00,5 50.30,6 0.00,7 12.42,8 -28.33,8 -28.45
1 -12.23,2 4.46,3 8.52,4 107.67,5 55.20,6 0.00,7 12.54,8 -28.47,9 182.92
1 -12.39,2 4.48,3 8.30,4 -16.58,5 61.33,6 0.00,7 12.33,8 -28.48,9 183.37
1 -12.54,2 4.51,3 8.20,4 -91.80,5 67.46,6 0.00,7 12.19,8 -28.38,9 183.81
1 -12.65,2 4.54,3 8.49,4 -70.16,5 72.36,6 0.00,7 12.40,8 -28.48,9 184.31
1 -12.75,2 4.56,3 8.38,4 72.82,5 78.49,6 0.00,7 12.50,8 -28.39,9 184.70
1 -12.83,2 4.59,3 8.74,4 -112.72,5 84.62,6 0.00,7 12.53,8 -28.40,9 185.07
1 -12.89,2 4.62,3 8.93,4 94.00,5 89.52,6 0.00,7 12.57,8 -28.29,9 185.58
1 -12.94,2 4.65,3 9.09,4 -85.42,5 95.65,6 0.00,7 12.70,8 -28.30,9 185.93
1 -12.98,2 4.67,3 9.04,4 -89.54,5 100.56,6 0.00,7 12.76,8 -28.20,9 186.42
1 -13.00,2 4.70,3 8.92,4 81.63,5 106.69,6 0.00,7 12.68,8 -28.23,9 186.93
1 -13.00,2 4.73,3 9.26,4 35.84,5 112.81,6 0.00,7 12.73,8 -28.26,9 187.24
1 -12.98,2 4.76,3 9.47,4 -67.58,5 117.72,6 0.00,7 12.60,8 -28.27,9 187.66
1 -12.93,2 4.78,3 9.55,4 -64.33,5 123.85,6 0.00,7 12.51,8 -28.37,9 188.03
1 -13.10,2 4.78,3 9.68,4 49.25,5 129.98,6 0.00,7 12.38,8 -28.36,9 188.46
1 -13.36,2 4.78,3 9.68,4 -76.24,5 134.88,6 0.00,7 12.22,9 188.75,"[""0.00"", ""0.00"", ""0.01"", ""0.06"", ""-9.68"", ""2.24"", ""-77.00"", ""0.36"", ""88.15"", -6.19348, 106.84858]"
1 -13.25,2 4.80,3 9.61,4 -28.88,5 141.01,6 0.00,7 12.16,8 -28.30,8 -28.33
1 -13.16,2 4.83,3 9.34,4 -100.44,5 147.14,6 0.00,7 12.10,8 -28.29,9 189.73
1 -13.04,2 4.86,3 9.32,4 138.16,5 152.04,6 0.00,7 12.11,8 -28.27,9 190.03
1 -12.91,2 4.89,3 9.16,4 -38.81,5 -155.64,6 0.00,7 12.04,8 -28.36,9 190.43
1 -12.77,2 4.91,3 8.78,4 117.65,5 -150.74,6 0.00,7 12.04,8 -28.36,9 190.66
1 -12.61,2 4.94,3 8.84,4 -5.38,5 -144.61,6 0.00,7 11.95,8 -28.58,9 191.06
1 -12.41,2 4.97,3 9.18,4 23.62,5 -138.48,6 0.00,9 191.48,"[""0.00"", ""0.00"", ""0.01"", ""0.08"", ""-9.67"", ""2.29"", ""-76.67"", ""0.47"", ""87.59"", -6.19348, 106.84858]","[""0.00"", ""0.00"", ""0.02"", ""0.10"", ""-9.70"", ""2.29"", ""-76.71"", ""0.60"", ""86.86"", -6.19348, 106.84858]"
1 -12.20,2 4.99,3 9.23,4 36.66,5 -133.58,6 0.00,7 11.78,7 11.83,8 -28.73
1 -12.00,2 5.02,3 9.06,4 -71.68,5 -127.45,6 0.00,7 11.78,8 -28.74,9 192.33
1 -11.78,2 5.05,3 9.20,4 154.66,5 -121.32,6 0.00,7 11.76,8 -28.76,9 192.67
1 -11.55,2 5.08,3 9.05,4 69.63,5 -116.42,6 0.00,7 11.77,8 -28.76,9 193.15
1 -11.29,2 5.10,3 8.89,4 -87.72,5 -110.29,6 0.00,7 11.72,8 -28.61,9 193.61
1 -11.02,2 5.13,3 8.89,4 110.43,5 -104.16,6 0.00,7 11.66,8 -28.64,9 194.01
1 -10.74,2 5.16,3 9.11,4 35.21,5 -99.25,6 0.00,7 11.83,8 -28.71,9 194.46
1 -10.91,2 5.15,3 9.24,4 32.33,5 -93.12,6 0.00,7 11.70,8 -28.65,9 194.94
1 -11.17,2 5.15,3 9.24,4 -136.05,5 -87.00,6 0.00,7 11.81,8 -28.78,9 195.50
1 -10.81,2 5.18,3 9.01,4 74.35,5 -82.09,6 0.00,7 11.62,8 -28.90,9 195.88
1 -10.44,2 5.21,3 8.79,4 -2.10,5 -75.96,6 0.00,7 11.55,8 -28.98,9 196.25
1 -10.05,2 5.23,3 8.90,4 129.85,5 -71.06,6 0.00,7 11.46,8 -29.01,9 196.68
1 -9.65,2 5.26,3 8.58,4 -94.93,5 -64.93,6 0.00,7 11.60,8 -29.14,9 197.09
1 -9.23,2 5.29,3 8.31,4 88.51,5 -58.80,6 0.00,7 11.73,8 -28.86,9 197.42
1 -8.80,2 5.31,3 8.29,4 -29.62,5 -53.90,6 0.00,7 11.82,8 -28.90,9 197.92
1 -8.35,2 5.34,3 8.06,4 118.27,5 -47.77,6 0.00,7 11.83,8 -28.74,9 198.41
1 -7.88,2 5.37,3 8.36,4 -21.92,5 -41.64,6 0.00,7 11.90,8 -28.94,9 198.72
1 -7.38,2 5.40,3 8.01,4 -8.86,5 -36.74,6 0.00,7 12.06,8 -28.90,9 199.01
1 -6.87,2 5.42,3 7.65,4 36.05,5 -30.61,6 0.00,7 12.06,8 -29.02,9 199.48
1 -6.34,2 5.45,3 7.53,4 -143.37,5 -24.48,6 0.00,7 12.05,8 -29.03,9 199.91
1 -5.80,2 5.48,3 7.39,4 -5.30,5 -19.57,6 0.00,7 12.06,8 -28.86,9 200.29
1 -5.24,2 5.50,3 7.38,4 143.81,5 -13.45,6 0.00,7 12.04,8 -28.96,9 200.66
1 -4.66,2 5.53,3 7.45,4 -38.05,5 -8.54,6 0.00,7 12.03,8 -29.10,9 201.02
1 -4.83,2 5.53,3 7.58,4 102.48,5 -2.41,6 0.00,7 11.97,8 -29.00,9 201.53
1 -5.09,2 5.53,3 7.58,4 -58.56,5 3.72,8 -29.05,9 202.04,"[""0.00"", ""0.00"", ""0.02"", ""0.06"", ""-9.68"", ""2.29"", ""-76.69"", ""0.36"", ""88.38"", -6.19348, 106.84858]","[""0.00"", ""0.00"", ""0.03"", ""0.05"", ""-9.68"", ""2.26"", ""-76.83"", ""0.32"", ""88.08"", -6.19348, 106.84858]"
1 -4.47,2 5.55,3 7.30,4 26.81,5 8.62,6 0.00,6 0.00,7 12.07,8 -29.05
1 -3.86,2 5.58,3 7.56,4 -80.31,5 14.75,6 0.00,7 12.02,8 -29.06,9 202.87
1 -4.52,2 5.61,3 7.38,4 122.84,5 20.88,6 0.00,7 12.06,7 12.13,8 -29.07
1 -4.86,2 5.63,3 7.76,4 16.07,5 27.01,6 0.00,7 12.22,8 -29.01,9 203.77
1 -5.18,2 5.66,3 7.86,4 15.62,5 31.91,6 0.00,7 12.10,8 -29.00,9 204.21
1 -5.49,2 5.69,3 8.00,4 93.63,5 38.04,6 0.00,7 12.28,8 -29.10,9 204.61
1 -5.76,2 5.72,3 8.26,4 131.21,5 44.17,6 0.00,7 12.33,8 -29.08,9 204.97
1 -6.01,2 5.74,3 8.25,4 -126.66,5 49.08,6 0.00,7 12.19,8 -29.18,9 205.36
1 -6.24,2 5.77,3 7.99,4 39.61,5 55.21,6 0.00,7 12.23,8 -29.17,9 205.85
1 -6.46,2 5.80,3 8.12,4 -71.16,5 60.11,6 0.00,7 12.15,8 -29.02,9 206.30
1 -6.68,2 5.82,3 7.86,4 150.26,5 66.24,6 0.00,7 12.15,8 -28.99,9 206.62
1 -6.87,2 5.85,3 8.19,4 -129.65,5 72.37,6 0.00,7 12.12,8 -29.03,9 206.99
1 -7.03,2 5.88,3 8.31,4 154.30,5 77.27,6 0.00,8 -28.95,9 207.50,"[""0.00"", ""0.00"", ""0.02"", ""0.04"", ""-9.69"", ""2.30"", ""-76.64"", ""0.22"", ""88.88"", -6.19348, 106.84858]"
1 -7.18,2 5.91,3 8.15,4 42.31,5 83.40,6 0.00,7 12.19,8 -29.04,9 207.92
1 -7.35,2 5.90,3 8.28,4 120.34,5 89.53,6 0.00,7 12.07,8 -28.93,9 208.37
1 -7.61,2 5.90,3 8.28,4 -84.84,5 94.43,6 0.00,7 12.02,8 -28.90,9 208.75
1 -7.71,2 5.93,3 8.41,4 55.69,5 100.56,6 0.00,7 12.30,8 -28.96,9 209.18
1 -7.80,2 5.97,3 8.65,4 -134.76,5 106.69,6 0.00,7 12.34,8 -29.16,9 209.54
1 -7.86,2 6.00,3 8.88,4 75.65,5 111.59,6 0.00,7 12.53,8 -29.07,9 209.96
1 -7.91,2 6.03,3 9.01,4 -95.19,5 117.72,6 0.00,7 12.53,8 -28.79,9 210.42
1 -7.94,2 6.06,3 9.25,4 52.70,5 122.63,6 0.00,7 12.65,8 -28.84,9 210.77
1 -7.95,2 6.09,3 9.21,4 -5.35,5 128.76,6 0.00,7 12.68,8 -28.91,9 211.33
1 -7.93,2 6.12,3 9.22,4 110.66,5 134.88,6 0.00,7 12.71,8 -28.77,9 211.72
1 -7.91,2 6.15,3 9.14,4 -101.85,5 139.79,6 0.00,7 12.58,8 -28.83,9 212.02
1 -7.86,2 6.18,3 8.80,4 -14.03,5 145.92,6 0.00,7 12.74,8 -28.77,9 212.36
1 -7.79,2 6.22,3 9.09,4 105.66,5 152.05,6 0.00,7 12.85,8 -28.77,9 212.76
1 -7.71,2 6.25,3 9.44,4 -65.17,5 -156.86,6 0.00,7 12.85,8 -28.60,9 213.29
1 -7.61,2 6.28,3 9.16,4 63.10,5 -150.73,6 0.00,7 12.91,8 -28.58,9 213.83
1 -7.49,2 6.31,3 9.43,4 -128.58,5 -144.60,6 0.00,7 12.96,8 -28.49,9 214.14
1 -7.36,2 6.34,3 9.35,4 -0.31,5 -139.70,6 0.00,7 13.01,8 -28.41,9 214.49
1 -7.53,2 6.33,3 9.48,4 -152.72,5 -133.57,6 0.00,7 13.02,8 -28.19,9 214.82
1 -7.79,2 6.33,3 9.48,7 12.90,8 -28.04,9 215.27,"[""0.00"", ""0.00"", ""0.01"", ""0.10"", ""-9.65"", ""2.25"", ""-76.89"", ""0.57"", ""87.27"", -6.19348, 106.84858]","[""0.00"", ""0.00"", ""0.02"", ""0.02"", ""-9.69"", ""2.28"", ""-76.73"", ""0.11"", ""89.02"", -6.19348, 106.84858]","[""0.00"", ""0.00"", ""0.05"", ""0.01"", ""-9.74"", ""2.30"", ""-76.72"", ""0.06"", ""89.46"", -6.19348, 106.84858]"
1 -7.58,2 6.36,3 9.68,4 -119.29,4 45.41,5 -127.44,6 0.00,7 12.82,8 -28.06
1 -7.36,2 6.40,3 9.30,4 -57.23,5 -116.41,5 -122.54,6 0.00,7 12.88,8 -28.05
1 -7.15,2 6.43,3 9.34,4 36.69,5 -111.51,6 0.00,6 0.00,7 12.81,8 -28.29
1 -6.94,2 6.46,3 9.60,4 36.25,5 -105.38,6 0.00,7 12.92,8 -28.32,9 216.80
1 -6.71,2 6.49,3 9.71,4 -118.66,5 -99.25,6 0.00,7 12.67,8 -28.38,9 217.25
1 -6.46,2 6.52,3 9.62,4 57.42,5 -94.35,6 0.00,7 12.65,8 -28.30,9 217.67
1 -6.20,2 6.55,3 9.83,4 -50.90,5 -88.22,6 0.00,7 12.61,8 -28.29,9 218.05
1 -5.90,2 6.58,3 9.85,4 132.55,5 -82.09,6 0.00,7 12.45,8 -28.25,9 218.47
1 -5.59,2 6.61,3 9.68,4 -43.19,5 -77.18,6 0.00,7 12.42,8 -28.27,9 218.81
1 -5.26,2 6.64,3 9.30,4 151.28,5 -71.06,6 0.00,7 12.10,8 -28.23,9 219.21
1 -4.91,2 6.68,3 9.45,4 -24.45,5 -64.93,6 0.00,7 12.26,8 -28.49,9 219.56
1 -4.31,2 6.71,3 9.34,4 74.64,5 -60.02,6 0.00,7 12.24,8 -28.45,9 220.08
1 -3.69,2 6.74,3 9.64,4 -82.71,5 -53.89,6 0.00,7 12.16,8 -28.41,9 220.59
1 -3.06,2 6.77,3 9.59,4 67.63,5 -47.76,6 0.00,7 12.16,8 -28.60,9 221.26
1 -3.23,2 6.76,3 9.71,4 32.88,5 -42.86,6 0.00,7 12.08,8 -28.52,9 221.60
1 -3.49,2 6.76,3 9.72,4 124.36,5 -36.73,6 0.00,7 11.99,8 -28.91,9 222.03
1 -2.79,2 6.79,3 10.10,4 -58.73,5 -30.60,6 0.00,7 12.07,7 12.20,8 -28.75
1 -3.46,2 6.82,3 10.21,4 -122.90,5 -25.70,6 0.00,7 12.16,8 -28.64,8 -28.81
1 -4.11,2 6.86,3 10.39,4 -3.21,5 -19.57,6 0.00,7 12.33,8 -28.54,9 223.12
1 -4.74,1 -5.37,2 6.89,3 10.37,4 -57.60,5 -13.44,6 0.00,7 12.33,8 -28.62
1 -5.99,2 6.92,2 6.95,3 10.74,4 149.12,5 -8.54,6 0.00,7 12.29,8 -28.91
1 -6.58,2 6.98,3 10.47,3 10.65,4 -35.20,5 -2.41,6 0.00,7 12.40,8 -28.84
1 -7.16,2 7.01,3 10.99,4 -34.41,4 73.01,5 2.50,6 0.00,7 12.44,8 -28.82
1 -7.73,2 7.04,3 11.14,4 149.79,5 14.76,5 8.63,6 0.00,7 12.35,8 -28.74
1 -8.29,2 7.07,3 11.24,4 50.06,5 19.66,6 0.00,6 0.00,7 12.47,8 -28.76
1 -8.81,2 7.10,3 11.57,4 71.70,5 25.79,6 0.00,7 12.51,7 12.58,8 -28.78
1 -9.31,2 7.14,3 11.49,4 -111.40,5 31.92,6 0.00,7 12.67,8 -28.73,8 -28.77
1 -9.79,2 7.17,3 11.47,4 70.81,5 36.82,6 0.00,7 12.70,8 -28.84,9 227.51
1 -10.26,1 -10.43,2 7.20,3 11.77,4 -41.19,5 42.95,6 0.00,7 12.75,8 -28.81
1 -10.70,2 7.19,2 7.19,3 11.90,4 -53.87,5 49.08,6 0.00,7 12.78,8 -28.85
1 -11.13,2 7.22,3 11.90,3 12.08,4 6.97,5 53.98,6 0.00,7 12.75,8 -28.76
1 -11.55,2 7.25,3 11.82,4 -116.52,4 12.64,5 60.11,6 0.00,7 12.77,8 -28.64
1 -11.96,2 7.28,3 11.78,4 -22.58,5 65.02,5 71.15,6 0.00,7 12.54,8 -28.68
1 -12.34,2 7.32,3 11.69,4 95.89,5 77.28,6 0.00,6 0.00,7 12.56,8 -28.69
1 -12.72,2 7.35,3 11.90,4 -97.01,5 82.18,6 0.00,7 12.59,7 12.66,8 -28.56
1 -13.07,2 7.38,3 12.06,4 115.84,5 88.31,6 0.00,7 12.56,8 -28.42,8 -28.52
1 -13.41,2 7.41,3 12.42,4 -28.03,5 94.44,6 0.00,7 12.63,8 -28.86,9 231.99
1 -13.73,1 -14.04,2 7.44,3 12.13,4 139.47,5 99.34,6 0.00,7 12.72,8 -28.88
1 -14.32,2 7.47,2 7.50,3 11.87,4 44.64,5 105.47,6 0.00,7 12.71,8 -28.65
1 -14.60,2 7.53,3 11.82,3 11.86,4 -47.74,5 111.60,6 0.00,7 12.66,8 -28.74
1 -14.87,2 7.56,3 12.11,4 -21.23,4 135.23,5 116.50,6 0.00,7 12.60,8 -28.72
1 -15.11,2 7.60,3 11.97,4 -139.78,5 122.63,5 127.53,6 0.00,7 12.55,8 -28.54
1 -15.33,2 7.63,3 11.72,4 119.66,5 133.66,6 0.00,6 0.00,7 12.34,8 -28.73
1 -15.50,2 7.63,3 11.85,4 148.65,5 139.79,6 0.00,7 12.31,7 12.38,8 -28.92
1 -15.76,2 7.63,3 11.85,4 -70.01,5 144.70,6 0.00,7 12.51,8 -28.76,8 -28.85
1 -15.93,2 7.66,3 11.69,4 70.52,5 150.83,6 0.00,7 12.46,8 -28.82,9 236.20
1 -16.08,1 -16.23,2 7.70,3 11.82,4 -101.54,5 -156.86,6 0.00,7 13.26,8 -31.19
1 -16.36,2 7.73,2 7.77,3 12.06,4 23.06,5 -151.96,6 0.00,7 9.51,8 -30.61
1 -16.27,2 7.80,3 11.88,3 12.03,4 104.73,5 -145.83,6 0.00,7 5.84,8 -30.04
1 -16.17,2 7.84,3 12.17,4 -41.39,4 -74.92,5 -139.70,6 0.00,7 2.22,8 -29.52
1 -16.06,2 7.87,3 12.50,4 25.15,5 -128.66,5 -134.79,6 0.00,7 -1.31,8 -28.97
1 -15.96,2 7.91,3 12.40,4 -1.07,5 -122.54,6 0.00,6 0.00,7 -4.77,8 -28.44
1 -15.85,2 7.94,3 12.65,4 108.81,5 -117.63,6 0.00,7 -11.48,7 -8.16,8 -27.91
1 -15.73,2 7.98,3 12.69,4 -107.39,5 -111.50,6 0.00,7 -14.73,8 -26.90,8 -27.40
1 -15.62,2 8.01,3 13.03,4 -134.83,5 -105.37,6 0.00,7 -17.92,8 -26.40,9 250.41
1 -15.39,1 -15.51,2 8.05,3 13.29,4 -15.15,5 -100.47,6 0.00,7 -21.04,8 -25.92
1 -15.26,2 8.08,2 8.12,3 13.18,4 133.95,5 -94.34,6 0.00,7 -24.10,8 -25.45
1 -15.42,2 8.11,3 12.89,3 13.02,4 -51.60,5 -89.44,6 0.00,7 -27.11,8 -24.98
1 -15.69,2 8.11,3 13.02,4 109.79,4 139.97,5 -83.31,6 0.00,7 -30.05,8 -24.53
1 -15.52,2 8.15,3 13.05,4 81.89,5 -72.28,5 -77.18,6 0.00,7 -32.93,8 -24.08
1 -15.37,2 8.18,3 13.16,4 -82.84,5 -66.15,6 0.00,6 0.00,7 -35.75,8 -23.65
1 -15.22,2 8.22,3 13.16,4 36.84,5 -60.02,6 0.00,7 -38.52,7 -41.23,8 -23.22
1 -15.06,2 8.25,3 13.17,4 129.55,5 -55.11,6 0.00,7 -43.89,8 -22.39,8 -22.80
1 -14.89,2 8.29,3 13.27,4 -75.62,5 -48.99,6 0.00,7 -46.50,8 -21.98,9 267.09
1 -14.55,1 -14.72,2 8.32,3 12.94,4 29.35,5 -44.08,6 0.00,7 -49.05,8 -21.59
1 -14.36,2 8.36,2 8.39,3 13.05,4 128.17,5 -37.95,6 0.00,7 -51.55,8 -21.20
1 -14.16,2 8.43,3 13.02,3 13.28,4 121.61,5 -31.82,6 0.00,7 -54.01,8 -20.82
1 -13.99,2 8.46,3 13.13,4 116.24,4 15.26,5 -26.92,6 0.00,7 -56.41,8 -20.45
1 -13.80,2 8.50,3 13.08,4 121.45,5 -14.66,5 -20.79,6 0.00,7 -58.76,8 -20.08
1 -13.61,2 8.53,3 13.41,4 -108.24,5 -9.76,6 0.00,6 0.00,7 -61.07,8 -19.73
1 -13.41,2 8.57,3 13.47,4 -60.89,5 -3.63,6 0.00,7 -63.33,7 -65.55,8 -19.38
1 -13.21,2 8.60,3 13.81,4 10.98,5 1.28,6 0.00,7 -67.72,8 -18.70,8 -19.03
1 -13.38,2 8.59,3 13.94,4 -22.55,5 7.41,6 0.00,7 -69.85,8 -18.37,9 283.76
1 -13.41,1 -13.64,2 8.59,3 13.95,4 -19.35,5 13.54,6 0.00,7 -71.93,8 -18.05
1 -13.20,2 8.63,2 8.67,3 13.78,4 32.93,5 18.44,6 0.00,7 -73.98,8 -17.73
1 -12.98,2 8.70,3 14.04,3 14.14,4 -110.97,5 24.57,6 0.00,7 -75.98,8 -17.42
1 -12.75,2 8.74,3 14.11,4 154.13,4 34.45,5 30.70,6 0.00,7 -77.94,8 -17.12
1 -12.51,2 8.77,3 14.23,4 -52.27,5 35.60,5 41.73,6 0.00,7 -79.87,8 -16.82
1 -12.27,2 8.81,3 14.04,4 20.83,5 46.63,6 0.00,6 0.00,7 -81.75,8 -16.53
1 -12.02,2 8.84,3 13.83,4 -102.20,5 52.76,6 0.00,7 -83.60,7 -85.41,8 -16.24
1 -11.76,2 8.88,3 14.06,4 37.09,5 58.89,6 0.00,7 -87.19,8 -15.69,8 -15.96
1 -11.50,2 8.91,3 14.29,4 -154.59,5 63.80,6 0.00,7 -88.93,8 -15.42,9 300.44
1 -10.81,1 -11.16,2 8.95,3 14.19,4 -85.10,5 69.93,6 0.00,7 -90.64,8 -15.16
1 -10.46,2 8.98,2 9.02,3 13.88,4 -152.98,5 76.05,6 0.00,7 -92.31,8 -14.91
